{
  "value": [
    {
      "actions": [],
      "value": [
        -6234.7876,
        366.328217,
        385.385345
      ]
    },
    {
      "actions": [],
      "value": [
        -6256.54053,
        361.478271,
        384.5644
      ]
    },
    {
      "actions": [],
      "value": [
        -6275.65625,
        363.301544,
        380.990356
      ]
    }
  ]
}