{
  "value": [
    {
      "actions": [],
      "value": [
        -6274.733,
        366.700562,
        381.664063
      ]
    },
    {
      "actions": [],
      "value": [
        -6252.23145,
        370.298676,
        383.9676
      ]
    },
    {
      "actions": [],
      "value": [
        -6237.378,
        366.781738,
        384.8131
      ]
    }
  ]
}